ndc11,rxcui,name,labeler,acqDate,attribution,ingredientsAvailable,rxnavImageObjectId,rxnavImageFileName,rxnavImageSize,nlmImageObjectId,nlmImageFileName,nlmImageSize,shape,size,color,imprint,imprintType,symbol,score,active_ingredients,inactive_ingredients,base_filename,new_filename,split_type,split_side
65483-0702-10,1244215,Budesonide 3 MG Delayed Release Oral Capsule [Entocort],Prometheus Laboratories Inc.,10-22-2011,National Library of Medicine | Lister Hill National Center for Biomedical Communications | Office of High Performance Computing and Communications | Medicos Consultants LLC,True,185675927,65483-0702-10_RXNAVIMAGE10_F6387B33.jpg,634434,168898711,65483-0702-10_NLMIMAGE10_F6387B33.jpg,479723,CAPSULE,20,"GRAY, ORANGE",ENTOCORT;EC;3;mg,PRINTED,False,1,['budesonide 3 mg'],"['acetyltributyl citrate', 'methacrylic acid', 'triethyl citrate', 'polysorbate 80', 'talc', 'gelatin', 'ferrosoferric oxide', 'titanium dioxide', 'colloidal silicon dioxide', 'ferric oxide yellow', 'ferric oxide red']",65483-0702-10_RXNAVIMAGE10_F6387B33,65483-0702-10_RXNAVIMAGE10_F6387B33_bottom.jpg,vertical,bottom
65483-0702-10,1244215,Budesonide 3 MG Delayed Release Oral Capsule [Entocort],Prometheus Laboratories Inc.,10-22-2011,National Library of Medicine | Lister Hill National Center for Biomedical Communications | Office of High Performance Computing and Communications | Medicos Consultants LLC,True,185675927,65483-0702-10_RXNAVIMAGE10_F6387B33.jpg,634434,168898711,65483-0702-10_NLMIMAGE10_F6387B33.jpg,479723,CAPSULE,20,"GRAY, ORANGE",ENTOCORT;EC;3;mg,PRINTED,False,1,['budesonide 3 mg'],"['acetyltributyl citrate', 'methacrylic acid', 'triethyl citrate', 'polysorbate 80', 'talc', 'gelatin', 'ferrosoferric oxide', 'titanium dioxide', 'colloidal silicon dioxide', 'ferric oxide yellow', 'ferric oxide red']",65483-0702-10_RXNAVIMAGE10_F6387B33,65483-0702-10_RXNAVIMAGE10_F6387B33_top.jpg,vertical,top
16729-0042-01,198377,Tacrolimus 1 MG Oral Capsule,Accord Healthcare Inc.,05-26-2012,National Library of Medicine | Lister Hill National Center for Biomedical Communications | Office of High Performance Computing and Communications | Medicos Consultants LLC,True,185639620,16729-0042-01_RXNAVIMAGE10_4C1E2611.jpg,507420,168862404,16729-0042-01_NLMIMAGE10_4C1E2611.jpg,373930,CAPSULE,11,WHITE,TCR;1,PRINTED,False,1,['tacrolimus 1 mg'],"['croscarmellose sodium', 'lactose monohydrate', 'magnesium stearate', 'hypromelloses', 'gelatin', 'titanium dioxide', 'sodium lauryl sulfate']",16729-0042-01_RXNAVIMAGE10_4C1E2611,16729-0042-01_RXNAVIMAGE10_4C1E2611_bottom.jpg,vertical,bottom
16729-0042-01,198377,Tacrolimus 1 MG Oral Capsule,Accord Healthcare Inc.,05-26-2012,National Library of Medicine | Lister Hill National Center for Biomedical Communications | Office of High Performance Computing and Communications | Medicos Consultants LLC,True,185639620,16729-0042-01_RXNAVIMAGE10_4C1E2611.jpg,507420,168862404,16729-0042-01_NLMIMAGE10_4C1E2611.jpg,373930,CAPSULE,11,WHITE,TCR;1,PRINTED,False,1,['tacrolimus 1 mg'],"['croscarmellose sodium', 'lactose monohydrate', 'magnesium stearate', 'hypromelloses', 'gelatin', 'titanium dioxide', 'sodium lauryl sulfate']",16729-0042-01_RXNAVIMAGE10_4C1E2611,16729-0042-01_RXNAVIMAGE10_4C1E2611_top.jpg,vertical,top
51285-0554-02,208645,Trimipramine 100 MG Oral Capsule [Surmontil],"Teva Women's Health, Inc.",07-31-2013,National Library of Medicine | Lister Hill National Center for Biomedical Communications | Office of High Performance Computing and Communications | Medicos Consultants LLC,False,185673069,51285-0554-02_RXNAVIMAGE10_D6366B13.jpg,666945,168895853,51285-0554-02_NLMIMAGE10_D6366B13.jpg,523097,CAPSULE,19,"BLUE, WHITE",OP;720,PRINTED,False,1,[],[],51285-0554-02_RXNAVIMAGE10_D6366B13,51285-0554-02_RXNAVIMAGE10_D6366B13_bottom.jpg,vertical,bottom
51285-0554-02,208645,Trimipramine 100 MG Oral Capsule [Surmontil],"Teva Women's Health, Inc.",07-31-2013,National Library of Medicine | Lister Hill National Center for Biomedical Communications | Office of High Performance Computing and Communications | Medicos Consultants LLC,False,185673069,51285-0554-02_RXNAVIMAGE10_D6366B13.jpg,666945,168895853,51285-0554-02_NLMIMAGE10_D6366B13.jpg,523097,CAPSULE,19,"BLUE, WHITE",OP;720,PRINTED,False,1,[],[],51285-0554-02_RXNAVIMAGE10_D6366B13,51285-0554-02_RXNAVIMAGE10_D6366B13_top.jpg,vertical,top
00093-1135-56,199689,Acitretin 10 MG Oral Capsule,Teva Pharmaceuticals USA Inc,10-10-2013,National Library of Medicine | Lister Hill National Center for Biomedical Communications | Office of High Performance Computing and Communications | Medicos Consultants LLC,False,185675550,00093-1135-56_RXNAVIMAGE10_6E383721.jpg,631689,168898334,00093-1135-56_NLMIMAGE10_6E383721.jpg,492148,CAPSULE,14,"GREEN, WHITE",TEVA;1135,PRINTED,False,1,[],[],00093-1135-56_RXNAVIMAGE10_6E383721,00093-1135-56_RXNAVIMAGE10_6E383721_bottom.jpg,vertical,bottom
00093-1135-56,199689,Acitretin 10 MG Oral Capsule,Teva Pharmaceuticals USA Inc,10-10-2013,National Library of Medicine | Lister Hill National Center for Biomedical Communications | Office of High Performance Computing and Communications | Medicos Consultants LLC,False,185675550,00093-1135-56_RXNAVIMAGE10_6E383721.jpg,631689,168898334,00093-1135-56_NLMIMAGE10_6E383721.jpg,492148,CAPSULE,14,"GREEN, WHITE",TEVA;1135,PRINTED,False,1,[],[],00093-1135-56_RXNAVIMAGE10_6E383721,00093-1135-56_RXNAVIMAGE10_6E383721_top.jpg,vertical,top
00228-2890-06,596926,duloxetine 20 MG Delayed Release Oral Capsule,Actavis Elizabeth LLC,07-02-2014,National Library of Medicine | Lister Hill National Center for Biomedical Communications | Office of High Performance Computing and Communications | Medicos Consultants LLC,False,185677579,00228-2890-06_RXNAVIMAGE10_4D39A6DD.jpg,599717,168900363,00228-2890-06_NLMIMAGE10_4D39A6DD.jpg,458986,CAPSULE,16,BLUE,2890;2890,PRINTED,True,1,[],[],00228-2890-06_RXNAVIMAGE10_4D39A6DD,00228-2890-06_RXNAVIMAGE10_4D39A6DD_bottom.jpg,vertical,bottom
00228-2890-06,596926,duloxetine 20 MG Delayed Release Oral Capsule,Actavis Elizabeth LLC,07-02-2014,National Library of Medicine | Lister Hill National Center for Biomedical Communications | Office of High Performance Computing and Communications | Medicos Consultants LLC,False,185677579,00228-2890-06_RXNAVIMAGE10_4D39A6DD.jpg,599717,168900363,00228-2890-06_NLMIMAGE10_4D39A6DD.jpg,458986,CAPSULE,16,BLUE,2890;2890,PRINTED,True,1,[],[],00228-2890-06_RXNAVIMAGE10_4D39A6DD,00228-2890-06_RXNAVIMAGE10_4D39A6DD_top.jpg,vertical,top
17478-0742-02,313571,Vancomycin 250 MG Oral Capsule,"Akorn, Inc.",01-19-2015,National Library of Medicine | Lister Hill National Center for Biomedical Communications | Office of High Performance Computing and Communications | Medicos Consultants LLC,False,185684528,17478-0742-02_RXNAVIMAGE10_383E9C34.jpg,623507,168907312,17478-0742-02_NLMIMAGE10_383E9C34.jpg,480783,CAPSULE,21,"BLUE, PINK",742;250;mg,PRINTED,False,1,[],[],17478-0742-02_RXNAVIMAGE10_383E9C34,17478-0742-02_RXNAVIMAGE10_383E9C34_bottom.jpg,vertical,bottom
17478-0742-02,313571,Vancomycin 250 MG Oral Capsule,"Akorn, Inc.",01-19-2015,National Library of Medicine | Lister Hill National Center for Biomedical Communications | Office of High Performance Computing and Communications | Medicos Consultants LLC,False,185684528,17478-0742-02_RXNAVIMAGE10_383E9C34.jpg,623507,168907312,17478-0742-02_NLMIMAGE10_383E9C34.jpg,480783,CAPSULE,21,"BLUE, PINK",742;250;mg,PRINTED,False,1,[],[],17478-0742-02_RXNAVIMAGE10_383E9C34,17478-0742-02_RXNAVIMAGE10_383E9C34_top.jpg,vertical,top
68382-0078-16,828373,fenofibric acid 135 MG Delayed Release Oral Capsule,Zydus Pharmaceuticals (USA) Inc.,04-01-2015,National Library of Medicine | Lister Hill National Center for Biomedical Communications | Office of High Performance Computing and Communications | Medicos Consultants LLC,False,185687005,68382-0078-16_RXNAVIMAGE10_C54062E3.jpg,658892,168909789,68382-0078-16_NLMIMAGE10_C54062E3.jpg,511766,CAPSULE,22,"YELLOW, BLUE",135;a,PRINTED,False,1,[],[],68382-0078-16_RXNAVIMAGE10_C54062E3,68382-0078-16_RXNAVIMAGE10_C54062E3_bottom.jpg,vertical,bottom
68382-0078-16,828373,fenofibric acid 135 MG Delayed Release Oral Capsule,Zydus Pharmaceuticals (USA) Inc.,04-01-2015,National Library of Medicine | Lister Hill National Center for Biomedical Communications | Office of High Performance Computing and Communications | Medicos Consultants LLC,False,185687005,68382-0078-16_RXNAVIMAGE10_C54062E3.jpg,658892,168909789,68382-0078-16_NLMIMAGE10_C54062E3.jpg,511766,CAPSULE,22,"YELLOW, BLUE",135;a,PRINTED,False,1,[],[],68382-0078-16_RXNAVIMAGE10_C54062E3,68382-0078-16_RXNAVIMAGE10_C54062E3_top.jpg,vertical,top
68180-0590-02,198189,Ramipril 5 MG Oral Capsule,"Lupin Pharmaceuticals, Inc",11-10-2015,National Library of Medicine | Lister Hill National Center for Biomedical Communications | Office of High Performance Computing and Communications | Medicos Consultants LLC,False,185696486,68180-0590-02_RXNAVIMAGE10_6F473799.jpg,616835,168919270,68180-0590-02_NLMIMAGE10_6F473799.jpg,476684,CAPSULE,14,RED,LUPIN;RAMIPRIL;5MG,PRINTED,False,1,[],[],68180-0590-02_RXNAVIMAGE10_6F473799,68180-0590-02_RXNAVIMAGE10_6F473799_bottom.jpg,vertical,bottom
68180-0590-02,198189,Ramipril 5 MG Oral Capsule,"Lupin Pharmaceuticals, Inc",11-10-2015,National Library of Medicine | Lister Hill National Center for Biomedical Communications | Office of High Performance Computing and Communications | Medicos Consultants LLC,False,185696486,68180-0590-02_RXNAVIMAGE10_6F473799.jpg,616835,168919270,68180-0590-02_NLMIMAGE10_6F473799.jpg,476684,CAPSULE,14,RED,LUPIN;RAMIPRIL;5MG,PRINTED,False,1,[],[],68180-0590-02_RXNAVIMAGE10_6F473799,68180-0590-02_RXNAVIMAGE10_6F473799_top.jpg,vertical,top
31722-0903-01,310384,Fluoxetine 10 MG Oral Capsule,Camber Pharmceuticals Inc.,10-24-2016,National Library of Medicine | Lister Hill National Center for Biomedical Communications | Office of High Performance Computing and Communications | Medicos Consultants LLC,False,185711061,31722-0903-01_RXNAVIMAGE10_8351C1CE.jpg,627781,168933845,31722-0903-01_NLMIMAGE10_8351C1CE.jpg,489583,CAPSULE,14,"ORANGE, BLUE",SG;113,PRINTED,False,1,[],[],31722-0903-01_RXNAVIMAGE10_8351C1CE,31722-0903-01_RXNAVIMAGE10_8351C1CE_bottom.jpg,vertical,bottom
31722-0903-01,310384,Fluoxetine 10 MG Oral Capsule,Camber Pharmceuticals Inc.,10-24-2016,National Library of Medicine | Lister Hill National Center for Biomedical Communications | Office of High Performance Computing and Communications | Medicos Consultants LLC,False,185711061,31722-0903-01_RXNAVIMAGE10_8351C1CE.jpg,627781,168933845,31722-0903-01_NLMIMAGE10_8351C1CE.jpg,489583,CAPSULE,14,"ORANGE, BLUE",SG;113,PRINTED,False,1,[],[],31722-0903-01_RXNAVIMAGE10_8351C1CE,31722-0903-01_RXNAVIMAGE10_8351C1CE_top.jpg,vertical,top
00555-0834-02,855344,Warfarin Sodium 7.5 MG Oral Tablet,Barr Laboratories Inc.,12-02-2009,National Library of Medicine | Lister Hill National Center for Biomedical Communications | Office of High Performance Computing and Communications | Medicos Consultants LLC,True,185644145,00555-0834-02_RXNAVIMAGE10_D8216C0B.jpg,555267,168866929,00555-0834-02_NLMIMAGE10_D8216C0B.jpg,421560,OVAL,11,YELLOW,834;7;1;2;barr,DEBOSSED,False,2,['warfarin sodium 7.5 mg'],"['anhydrous lactose', 'hypromellose 2208 (3 mpa.s)', 'magnesium stearate', 'starch, corn', 'd&c yellow no. 10', 'fd&c yellow no. 6', 'aluminum oxide']",00555-0834-02_RXNAVIMAGE10_D8216C0B,00555-0834-02_RXNAVIMAGE10_D8216C0B_bottom.jpg,vertical,bottom
00555-0834-02,855344,Warfarin Sodium 7.5 MG Oral Tablet,Barr Laboratories Inc.,12-02-2009,National Library of Medicine | Lister Hill National Center for Biomedical Communications | Office of High Performance Computing and Communications | Medicos Consultants LLC,True,185644145,00555-0834-02_RXNAVIMAGE10_D8216C0B.jpg,555267,168866929,00555-0834-02_NLMIMAGE10_D8216C0B.jpg,421560,OVAL,11,YELLOW,834;7;1;2;barr,DEBOSSED,False,2,['warfarin sodium 7.5 mg'],"['anhydrous lactose', 'hypromellose 2208 (3 mpa.s)', 'magnesium stearate', 'starch, corn', 'd&c yellow no. 10', 'fd&c yellow no. 6', 'aluminum oxide']",00555-0834-02_RXNAVIMAGE10_D8216C0B,00555-0834-02_RXNAVIMAGE10_D8216C0B_top.jpg,vertical,top
00093-8036-01,310539,Glyburide 6 MG Oral Tablet,Teva Pharmaceuticals USA Inc,12-02-2009,National Library of Medicine | Lister Hill National Center for Biomedical Communications | Office of High Performance Computing and Communications | Medicos Consultants LLC,True,185650990,00093-8036-01_RXNAVIMAGE10_C2266173.jpg,678072,168873774,00093-8036-01_NLMIMAGE10_C2266173.jpg,557421,OVAL,10,BLUE,6;036;N,DEBOSSED,False,2,['glyburide 6 mg'],"['cellulose, microcrystalline', 'starch, corn', 'sodium starch glycolate type a potato', 'silicon dioxide', 'magnesium stearate', 'fd&c blue no. 1', 'aluminum oxide', 'fd&c blue no. 2']",00093-8036-01_RXNAVIMAGE10_C2266173,00093-8036-01_RXNAVIMAGE10_C2266173_bottom.jpg,vertical,bottom
00093-8036-01,310539,Glyburide 6 MG Oral Tablet,Teva Pharmaceuticals USA Inc,12-02-2009,National Library of Medicine | Lister Hill National Center for Biomedical Communications | Office of High Performance Computing and Communications | Medicos Consultants LLC,True,185650990,00093-8036-01_RXNAVIMAGE10_C2266173.jpg,678072,168873774,00093-8036-01_NLMIMAGE10_C2266173.jpg,557421,OVAL,10,BLUE,6;036;N,DEBOSSED,False,2,['glyburide 6 mg'],"['cellulose, microcrystalline', 'starch, corn', 'sodium starch glycolate type a potato', 'silicon dioxide', 'magnesium stearate', 'fd&c blue no. 1', 'aluminum oxide', 'fd&c blue no. 2']",00093-8036-01_RXNAVIMAGE10_C2266173,00093-8036-01_RXNAVIMAGE10_C2266173_top.jpg,vertical,top
49884-0946-01,836395,Acetaminophen 325 MG / tramadol hydrochloride 37.5 MG Oral Tablet,Par Pharmaceutical Inc.,12-02-2009,National Library of Medicine | Lister Hill National Center for Biomedical Communications | Office of High Performance Computing and Communications | Medicos Consultants LLC,True,185669178,49884-0946-01_RXNAVIMAGE10_3033987C.jpg,765642,168891962,49884-0946-01_NLMIMAGE10_3033987C.jpg,620767,OVAL,16,ORANGE,083;KALI,DEBOSSED,False,1,"['tramadol hydrochloride 37.5 mg', 'acetaminophen 325 mg']","['magnesium stearate', 'cellulose, microcrystalline', 'povidone', 'starch, pregelatinized corn', 'stearic acid', 'fd&c red no. 40', 'fd&c yellow no. 6', 'polydextrose', 'polyethylene glycol', 'titanium dioxide']",49884-0946-01_RXNAVIMAGE10_3033987C,49884-0946-01_RXNAVIMAGE10_3033987C_bottom.jpg,vertical,bottom
49884-0946-01,836395,Acetaminophen 325 MG / tramadol hydrochloride 37.5 MG Oral Tablet,Par Pharmaceutical Inc.,12-02-2009,National Library of Medicine | Lister Hill National Center for Biomedical Communications | Office of High Performance Computing and Communications | Medicos Consultants LLC,True,185669178,49884-0946-01_RXNAVIMAGE10_3033987C.jpg,765642,168891962,49884-0946-01_NLMIMAGE10_3033987C.jpg,620767,OVAL,16,ORANGE,083;KALI,DEBOSSED,False,1,"['tramadol hydrochloride 37.5 mg', 'acetaminophen 325 mg']","['magnesium stearate', 'cellulose, microcrystalline', 'povidone', 'starch, pregelatinized corn', 'stearic acid', 'fd&c red no. 40', 'fd&c yellow no. 6', 'polydextrose', 'polyethylene glycol', 'titanium dioxide']",49884-0946-01_RXNAVIMAGE10_3033987C,49884-0946-01_RXNAVIMAGE10_3033987C_top.jpg,vertical,top
00085-1322-01,1112250,12 HR desloratadine 2.5 MG / Pseudoephedrine sulfate 120 MG Extended Release Oral Tablet [Clarinex-D],Schering Corporation,04-26-2011,National Library of Medicine | Lister Hill National Center for Biomedical Communications | Office of High Performance Computing and Communications | Medicos Consultants LLC,True,185609034,00085-1322-01_RXNAVIMAGE10_CF07E78F.jpg,662659,168831818,00085-1322-01_NLMIMAGE10_CF07E78F.jpg,502788,OVAL,15,"BLUE, WHITE",D12,DEBOSSED,False,1,"['desloratadine 2.5 mg', 'pseudoephedrine sulfate 120 mg']","['hypromellose', 'cellulose, microcrystalline', 'povidone', 'silicon dioxide', 'magnesium stearate', 'starch, corn', 'edetate disodium', 'anhydrous citric acid', 'stearic acid', 'fd&c blue no. 2', 'aluminum oxide']",00085-1322-01_RXNAVIMAGE10_CF07E78F,00085-1322-01_RXNAVIMAGE10_CF07E78F_bottom.jpg,vertical,bottom
00085-1322-01,1112250,12 HR desloratadine 2.5 MG / Pseudoephedrine sulfate 120 MG Extended Release Oral Tablet [Clarinex-D],Schering Corporation,04-26-2011,National Library of Medicine | Lister Hill National Center for Biomedical Communications | Office of High Performance Computing and Communications | Medicos Consultants LLC,True,185609034,00085-1322-01_RXNAVIMAGE10_CF07E78F.jpg,662659,168831818,00085-1322-01_NLMIMAGE10_CF07E78F.jpg,502788,OVAL,15,"BLUE, WHITE",D12,DEBOSSED,False,1,"['desloratadine 2.5 mg', 'pseudoephedrine sulfate 120 mg']","['hypromellose', 'cellulose, microcrystalline', 'povidone', 'silicon dioxide', 'magnesium stearate', 'starch, corn', 'edetate disodium', 'anhydrous citric acid', 'stearic acid', 'fd&c blue no. 2', 'aluminum oxide']",00085-1322-01_RXNAVIMAGE10_CF07E78F,00085-1322-01_RXNAVIMAGE10_CF07E78F_top.jpg,vertical,top
51991-0544-90,0,,"Breckenridge Pharmaceutical, Inc.",05-11-2011,National Library of Medicine | Lister Hill National Center for Biomedical Communications | Office of High Performance Computing and Communications | Medicos Consultants LLC,False,185610270,51991-0544-90_RXNAVIMAGE10_9608CB26.jpg,666582,168833054,51991-0544-90_NLMIMAGE10_9608CB26.jpg,543893,OVAL,20,BLACK,B544,DEBOSSED,False,1,[],[],51991-0544-90_RXNAVIMAGE10_9608CB26,51991-0544-90_RXNAVIMAGE10_9608CB26_bottom.jpg,vertical,bottom
51991-0544-90,0,,"Breckenridge Pharmaceutical, Inc.",05-11-2011,National Library of Medicine | Lister Hill National Center for Biomedical Communications | Office of High Performance Computing and Communications | Medicos Consultants LLC,False,185610270,51991-0544-90_RXNAVIMAGE10_9608CB26.jpg,666582,168833054,51991-0544-90_NLMIMAGE10_9608CB26.jpg,543893,OVAL,20,BLACK,B544,DEBOSSED,False,1,[],[],51991-0544-90_RXNAVIMAGE10_9608CB26,51991-0544-90_RXNAVIMAGE10_9608CB26_top.jpg,vertical,top
68462-0190-05,198014,Naproxen 500 MG Oral Tablet,"Glenmark Generics Inc., USA",06-18-2011,National Library of Medicine | Lister Hill National Center for Biomedical Communications | Office of High Performance Computing and Communications | Medicos Consultants LLC,True,185623895,68462-0190-05_RXNAVIMAGE10_7B12BD95.jpg,601583,168846679,68462-0190-05_NLMIMAGE10_7B12BD95.jpg,466271,OVAL,16,ORANGE,G;32;500,DEBOSSED,False,2,['naproxen 500 mg'],"['cellulose, microcrystalline', 'croscarmellose sodium', 'povidone', 'magnesium stearate']",68462-0190-05_RXNAVIMAGE10_7B12BD95,68462-0190-05_RXNAVIMAGE10_7B12BD95_bottom.jpg,vertical,bottom
68462-0190-05,198014,Naproxen 500 MG Oral Tablet,"Glenmark Generics Inc., USA",06-18-2011,National Library of Medicine | Lister Hill National Center for Biomedical Communications | Office of High Performance Computing and Communications | Medicos Consultants LLC,True,185623895,68462-0190-05_RXNAVIMAGE10_7B12BD95.jpg,601583,168846679,68462-0190-05_NLMIMAGE10_7B12BD95.jpg,466271,OVAL,16,ORANGE,G;32;500,DEBOSSED,False,2,['naproxen 500 mg'],"['cellulose, microcrystalline', 'croscarmellose sodium', 'povidone', 'magnesium stearate']",68462-0190-05_RXNAVIMAGE10_7B12BD95,68462-0190-05_RXNAVIMAGE10_7B12BD95_top.jpg,vertical,top
50458-0920-50,211815,Levofloxacin 250 MG Oral Tablet [Levaquin],"Janssen Pharmaceuticals, Inc.",10-23-2011,National Library of Medicine | Lister Hill National Center for Biomedical Communications | Office of High Performance Computing and Communications | Medicos Consultants LLC,True,185628525,50458-0920-50_RXNAVIMAGE10_38161C70.jpg,745798,168851309,50458-0920-50_NLMIMAGE10_38161C70.jpg,612554,OVAL,15,PINK,LEVAQUIN;250,DEBOSSED,False,1,['levofloxacin 250 mg'],"['hypromelloses', 'crospovidone', 'cellulose, microcrystalline', 'magnesium stearate', 'polyethylene glycols', 'titanium dioxide', 'polysorbate 80', 'ferric oxide red']",50458-0920-50_RXNAVIMAGE10_38161C70,50458-0920-50_RXNAVIMAGE10_38161C70_bottom.jpg,vertical,bottom
50458-0920-50,211815,Levofloxacin 250 MG Oral Tablet [Levaquin],"Janssen Pharmaceuticals, Inc.",10-23-2011,National Library of Medicine | Lister Hill National Center for Biomedical Communications | Office of High Performance Computing and Communications | Medicos Consultants LLC,True,185628525,50458-0920-50_RXNAVIMAGE10_38161C70.jpg,745798,168851309,50458-0920-50_NLMIMAGE10_38161C70.jpg,612554,OVAL,15,PINK,LEVAQUIN;250,DEBOSSED,False,1,['levofloxacin 250 mg'],"['hypromelloses', 'crospovidone', 'cellulose, microcrystalline', 'magnesium stearate', 'polyethylene glycols', 'titanium dioxide', 'polysorbate 80', 'ferric oxide red']",50458-0920-50_RXNAVIMAGE10_38161C70,50458-0920-50_RXNAVIMAGE10_38161C70_top.jpg,vertical,top
51285-0368-01,284593,Methotrexate 10 MG Oral Tablet [Trexall],"Teva Women's Health, Inc.",06-02-2012,National Library of Medicine | Lister Hill National Center for Biomedical Communications | Office of High Performance Computing and Communications | Medicos Consultants LLC,True,185638791,51285-0368-01_RXNAVIMAGE10_1D1D8E9C.jpg,606944,168861575,51285-0368-01_NLMIMAGE10_1D1D8E9C.jpg,476031,OVAL,14,PINK,b;929;10,DEBOSSED,False,2,['methotrexate sodium 10 mg'],"['anhydrous lactose', 'crospovidone', 'cellulose, microcrystalline', 'hypromelloses', 'magnesium stearate', 'polyethylene glycols', 'polysorbate 80', 'starch, corn', 'sodium carbonate monohydrate', 'talc', 'titanium dioxide', 'fd&c red no. 40', 'aluminum oxide']",51285-0368-01_RXNAVIMAGE10_1D1D8E9C,51285-0368-01_RXNAVIMAGE10_1D1D8E9C_bottom.jpg,vertical,bottom
51285-0368-01,284593,Methotrexate 10 MG Oral Tablet [Trexall],"Teva Women's Health, Inc.",06-02-2012,National Library of Medicine | Lister Hill National Center for Biomedical Communications | Office of High Performance Computing and Communications | Medicos Consultants LLC,True,185638791,51285-0368-01_RXNAVIMAGE10_1D1D8E9C.jpg,606944,168861575,51285-0368-01_NLMIMAGE10_1D1D8E9C.jpg,476031,OVAL,14,PINK,b;929;10,DEBOSSED,False,2,['methotrexate sodium 10 mg'],"['anhydrous lactose', 'crospovidone', 'cellulose, microcrystalline', 'hypromelloses', 'magnesium stearate', 'polyethylene glycols', 'polysorbate 80', 'starch, corn', 'sodium carbonate monohydrate', 'talc', 'titanium dioxide', 'fd&c red no. 40', 'aluminum oxide']",51285-0368-01_RXNAVIMAGE10_1D1D8E9C,51285-0368-01_RXNAVIMAGE10_1D1D8E9C_top.jpg,vertical,top
00093-7259-56,313564,valacyclovir 1000 MG Oral Tablet,Teva Pharmaceuticals USA Inc,03-06-2013,National Library of Medicine | Lister Hill National Center for Biomedical Communications | Office of High Performance Computing and Communications | Medicos Consultants LLC,True,185664051,00093-7259-56_RXNAVIMAGE10_B92FDCFE.jpg,772515,168886835,00093-7259-56_NLMIMAGE10_B92FDCFE.jpg,635725,OVAL,23,BLUE,93;7259,DEBOSSED,False,2,['valacyclovir hydrochloride 1 g'],"['powdered cellulose', 'croscarmellose sodium', 'fd&c blue no. 2', 'aluminum oxide', 'hypromellose 2910 (6 mpa.s)', 'starch, corn', 'polyethylene glycol 400', 'polysorbate 80', 'sodium stearyl fumarate', 'titanium dioxide']",00093-7259-56_RXNAVIMAGE10_B92FDCFE,00093-7259-56_RXNAVIMAGE10_B92FDCFE_bottom.jpg,vertical,bottom
00093-7259-56,313564,valacyclovir 1000 MG Oral Tablet,Teva Pharmaceuticals USA Inc,03-06-2013,National Library of Medicine | Lister Hill National Center for Biomedical Communications | Office of High Performance Computing and Communications | Medicos Consultants LLC,True,185664051,00093-7259-56_RXNAVIMAGE10_B92FDCFE.jpg,772515,168886835,00093-7259-56_NLMIMAGE10_B92FDCFE.jpg,635725,OVAL,23,BLUE,93;7259,DEBOSSED,False,2,['valacyclovir hydrochloride 1 g'],"['powdered cellulose', 'croscarmellose sodium', 'fd&c blue no. 2', 'aluminum oxide', 'hypromellose 2910 (6 mpa.s)', 'starch, corn', 'polyethylene glycol 400', 'polysorbate 80', 'sodium stearyl fumarate', 'titanium dioxide']",00093-7259-56_RXNAVIMAGE10_B92FDCFE,00093-7259-56_RXNAVIMAGE10_B92FDCFE_top.jpg,vertical,top
00591-2805-60,359385,24 HR Clarithromycin 500 MG Extended Release Oral Tablet,"Watson Laboratories, Inc.",07-02-2014,National Library of Medicine | Lister Hill National Center for Biomedical Communications | Office of High Performance Computing and Communications | Medicos Consultants LLC,False,185678299,00591-2805-60_RXNAVIMAGE10_543A2A11.jpg,590817,168901083,00591-2805-60_NLMIMAGE10_543A2A11.jpg,444776,OVAL,19,YELLOW,777,DEBOSSED,True,1,[],[],00591-2805-60_RXNAVIMAGE10_543A2A11,00591-2805-60_RXNAVIMAGE10_543A2A11_bottom.jpg,vertical,bottom
00591-2805-60,359385,24 HR Clarithromycin 500 MG Extended Release Oral Tablet,"Watson Laboratories, Inc.",07-02-2014,National Library of Medicine | Lister Hill National Center for Biomedical Communications | Office of High Performance Computing and Communications | Medicos Consultants LLC,False,185678299,00591-2805-60_RXNAVIMAGE10_543A2A11.jpg,590817,168901083,00591-2805-60_NLMIMAGE10_543A2A11.jpg,444776,OVAL,19,YELLOW,777,DEBOSSED,True,1,[],[],00591-2805-60_RXNAVIMAGE10_543A2A11,00591-2805-60_RXNAVIMAGE10_543A2A11_top.jpg,vertical,top
00378-3030-01,799048,doxycycline hyclate 150 MG Delayed Release Oral Tablet,Mylan Pharmaceuticals Inc.,07-02-2014,National Library of Medicine | Lister Hill National Center for Biomedical Communications | Office of High Performance Computing and Communications | Medicos Consultants LLC,False,185677396,00378-3030-01_RXNAVIMAGE10_093984BC.jpg,645739,168900180,00378-3030-01_NLMIMAGE10_093984BC.jpg,505386,OVAL,19,WHITE,M;D;3;3,DEBOSSED,False,3,[],[],00378-3030-01_RXNAVIMAGE10_093984BC,00378-3030-01_RXNAVIMAGE10_093984BC_bottom.jpg,vertical,bottom
00378-3030-01,799048,doxycycline hyclate 150 MG Delayed Release Oral Tablet,Mylan Pharmaceuticals Inc.,07-02-2014,National Library of Medicine | Lister Hill National Center for Biomedical Communications | Office of High Performance Computing and Communications | Medicos Consultants LLC,False,185677396,00378-3030-01_RXNAVIMAGE10_093984BC.jpg,645739,168900180,00378-3030-01_NLMIMAGE10_093984BC.jpg,505386,OVAL,19,WHITE,M;D;3;3,DEBOSSED,False,3,[],[],00378-3030-01_RXNAVIMAGE10_093984BC,00378-3030-01_RXNAVIMAGE10_093984BC_top.jpg,vertical,top
68180-0337-07,860996,24 HR Metformin hydrochloride 1000 MG Extended Release Oral Tablet,"Lupin Pharmaceuticals, Inc",10-06-2014,National Library of Medicine | Lister Hill National Center for Biomedical Communications | Office of High Performance Computing and Communications | Medicos Consultants LLC,False,185681459,68180-0337-07_RXNAVIMAGE10_DE3C6F23.jpg,521759,168904243,68180-0337-07_NLMIMAGE10_DE3C6F23.jpg,366154,OVAL,22,WHITE,"Q,22;LU",DEBOSSED,False,1,[],[],68180-0337-07_RXNAVIMAGE10_DE3C6F23,68180-0337-07_RXNAVIMAGE10_DE3C6F23_bottom.jpg,vertical,bottom
68180-0337-07,860996,24 HR Metformin hydrochloride 1000 MG Extended Release Oral Tablet,"Lupin Pharmaceuticals, Inc",10-06-2014,National Library of Medicine | Lister Hill National Center for Biomedical Communications | Office of High Performance Computing and Communications | Medicos Consultants LLC,False,185681459,68180-0337-07_RXNAVIMAGE10_DE3C6F23.jpg,521759,168904243,68180-0337-07_NLMIMAGE10_DE3C6F23.jpg,366154,OVAL,22,WHITE,"Q,22;LU",DEBOSSED,False,1,[],[],68180-0337-07_RXNAVIMAGE10_DE3C6F23,68180-0337-07_RXNAVIMAGE10_DE3C6F23_top.jpg,vertical,top
00074-3312-90,763232,24 HR Niacin 500 MG / Simvastatin 20 MG Extended Release Oral Tablet [Simcor],Abbott Laboratories,11-03-2014,National Library of Medicine | Lister Hill National Center for Biomedical Communications | Office of High Performance Computing and Communications | Medicos Consultants LLC,False,185682394,00074-3312-90_RXNAVIMAGE10_323D1938.jpg,677182,168905178,00074-3312-90_NLMIMAGE10_323D1938.jpg,522559,OVAL,18,BLUE,a;500;20,PRINTED,False,1,[],[],00074-3312-90_RXNAVIMAGE10_323D1938,00074-3312-90_RXNAVIMAGE10_323D1938_bottom.jpg,vertical,bottom
00074-3312-90,763232,24 HR Niacin 500 MG / Simvastatin 20 MG Extended Release Oral Tablet [Simcor],Abbott Laboratories,11-03-2014,National Library of Medicine | Lister Hill National Center for Biomedical Communications | Office of High Performance Computing and Communications | Medicos Consultants LLC,False,185682394,00074-3312-90_RXNAVIMAGE10_323D1938.jpg,677182,168905178,00074-3312-90_NLMIMAGE10_323D1938.jpg,522559,OVAL,18,BLUE,a;500;20,PRINTED,False,1,[],[],00074-3312-90_RXNAVIMAGE10_323D1938,00074-3312-90_RXNAVIMAGE10_323D1938_top.jpg,vertical,top
43598-0166-30,314154,olanzapine 10 MG Oral Tablet,Dr Reddys Laboratories Inc,01-19-2015,National Library of Medicine | Lister Hill National Center for Biomedical Communications | Office of High Performance Computing and Communications | Medicos Consultants LLC,False,185685639,43598-0166-30_RXNAVIMAGE10_CE3F676B.jpg,457026,168908423,43598-0166-30_NLMIMAGE10_CE3F676B.jpg,322986,OVAL,10,WHITE,R;10;0166,DEBOSSED,False,1,[],[],43598-0166-30_RXNAVIMAGE10_CE3F676B,43598-0166-30_RXNAVIMAGE10_CE3F676B_bottom.jpg,vertical,bottom
43598-0166-30,314154,olanzapine 10 MG Oral Tablet,Dr Reddys Laboratories Inc,01-19-2015,National Library of Medicine | Lister Hill National Center for Biomedical Communications | Office of High Performance Computing and Communications | Medicos Consultants LLC,False,185685639,43598-0166-30_RXNAVIMAGE10_CE3F676B.jpg,457026,168908423,43598-0166-30_NLMIMAGE10_CE3F676B.jpg,322986,OVAL,10,WHITE,R;10;0166,DEBOSSED,False,1,[],[],43598-0166-30_RXNAVIMAGE10_CE3F676B,43598-0166-30_RXNAVIMAGE10_CE3F676B_top.jpg,vertical,top
66993-0165-02,197541,Colchicine 0.6 MG Oral Tablet,Prasco Laboratories,04-01-2015,National Library of Medicine | Lister Hill National Center for Biomedical Communications | Office of High Performance Computing and Communications | Medicos Consultants LLC,False,185686854,66993-0165-02_RXNAVIMAGE10_8E404752.jpg,568196,168909638,66993-0165-02_NLMIMAGE10_8E404752.jpg,440363,OVAL,8,PURPLE,AR374,DEBOSSED,False,2,[],[],66993-0165-02_RXNAVIMAGE10_8E404752,66993-0165-02_RXNAVIMAGE10_8E404752_bottom.jpg,vertical,bottom
66993-0165-02,197541,Colchicine 0.6 MG Oral Tablet,Prasco Laboratories,04-01-2015,National Library of Medicine | Lister Hill National Center for Biomedical Communications | Office of High Performance Computing and Communications | Medicos Consultants LLC,False,185686854,66993-0165-02_RXNAVIMAGE10_8E404752.jpg,568196,168909638,66993-0165-02_NLMIMAGE10_8E404752.jpg,440363,OVAL,8,PURPLE,AR374,DEBOSSED,False,2,[],[],66993-0165-02_RXNAVIMAGE10_8E404752,66993-0165-02_RXNAVIMAGE10_8E404752_top.jpg,vertical,top
00087-6071-11,861006,Metformin hydrochloride 1000 MG Oral Tablet [Glucophage],Bristol-Myers Squibb Company,09-29-2015,National Library of Medicine | Lister Hill National Center for Biomedical Communications | Office of High Performance Computing and Communications | Medicos Consultants LLC,False,185695427,00087-6071-11_RXNAVIMAGE10_E4467253.jpg,472923,168918211,00087-6071-11_NLMIMAGE10_E4467253.jpg,319793,OVAL,19,WHITE,BMS;6071;10;00,DEBOSSED,False,2,[],[],00087-6071-11_RXNAVIMAGE10_E4467253,00087-6071-11_RXNAVIMAGE10_E4467253_bottom.jpg,vertical,bottom
00087-6071-11,861006,Metformin hydrochloride 1000 MG Oral Tablet [Glucophage],Bristol-Myers Squibb Company,09-29-2015,National Library of Medicine | Lister Hill National Center for Biomedical Communications | Office of High Performance Computing and Communications | Medicos Consultants LLC,False,185695427,00087-6071-11_RXNAVIMAGE10_E4467253.jpg,472923,168918211,00087-6071-11_NLMIMAGE10_E4467253.jpg,319793,OVAL,19,WHITE,BMS;6071;10;00,DEBOSSED,False,2,[],[],00087-6071-11_RXNAVIMAGE10_E4467253,00087-6071-11_RXNAVIMAGE10_E4467253_top.jpg,vertical,top
60505-0102-01,199390,Etodolac 500 MG Oral Tablet,Apotex Corp.,12-10-2015,National Library of Medicine | Lister Hill National Center for Biomedical Communications | Office of High Performance Computing and Communications | Medicos Consultants LLC,False,185700288,60505-0102-01_RXNAVIMAGE10_EB49F5CF.jpg,549068,168923072,60505-0102-01_NLMIMAGE10_EB49F5CF.jpg,410037,OVAL,19,WHITE,APO;102;500,DEBOSSED,False,1,[],[],60505-0102-01_RXNAVIMAGE10_EB49F5CF,60505-0102-01_RXNAVIMAGE10_EB49F5CF_bottom.jpg,vertical,bottom
60505-0102-01,199390,Etodolac 500 MG Oral Tablet,Apotex Corp.,12-10-2015,National Library of Medicine | Lister Hill National Center for Biomedical Communications | Office of High Performance Computing and Communications | Medicos Consultants LLC,False,185700288,60505-0102-01_RXNAVIMAGE10_EB49F5CF.jpg,549068,168923072,60505-0102-01_NLMIMAGE10_EB49F5CF.jpg,410037,OVAL,19,WHITE,APO;102;500,DEBOSSED,False,1,[],[],60505-0102-01_RXNAVIMAGE10_EB49F5CF,60505-0102-01_RXNAVIMAGE10_EB49F5CF_top.jpg,vertical,top
31722-0405-05,310433,gabapentin 600 MG Oral Tablet,Camber Pharmceuticals Inc.,12-10-2015,National Library of Medicine | Lister Hill National Center for Biomedical Communications | Office of High Performance Computing and Communications | Medicos Consultants LLC,False,185699981,31722-0405-05_RXNAVIMAGE10_7949BCFD.jpg,526818,168922765,31722-0405-05_NLMIMAGE10_7949BCFD.jpg,391919,OVAL,18,WHITE,1;2,DEBOSSED,False,2,[],[],31722-0405-05_RXNAVIMAGE10_7949BCFD,31722-0405-05_RXNAVIMAGE10_7949BCFD_bottom.jpg,vertical,bottom
31722-0405-05,310433,gabapentin 600 MG Oral Tablet,Camber Pharmceuticals Inc.,12-10-2015,National Library of Medicine | Lister Hill National Center for Biomedical Communications | Office of High Performance Computing and Communications | Medicos Consultants LLC,False,185699981,31722-0405-05_RXNAVIMAGE10_7949BCFD.jpg,526818,168922765,31722-0405-05_NLMIMAGE10_7949BCFD.jpg,391919,OVAL,18,WHITE,1;2,DEBOSSED,False,2,[],[],31722-0405-05_RXNAVIMAGE10_7949BCFD,31722-0405-05_RXNAVIMAGE10_7949BCFD_top.jpg,vertical,top
00832-0038-00,863664,Oxybutynin chloride 5 MG Oral Tablet,"Upsher-Smith Laboratories, Inc.",12-02-2009,National Library of Medicine | Lister Hill National Center for Biomedical Communications | Office of High Performance Computing and Communications | Medicos Consultants LLC,True,185646134,00832-0038-00_RXNAVIMAGE10_BB22DDA6.jpg,490886,168868918,00832-0038-00_NLMIMAGE10_BB22DDA6.jpg,353380,ROUND,8,WHITE,832;3;8,DEBOSSED,False,2,['oxybutynin chloride 5 mg'],"['anhydrous lactose', 'calcium stearate', 'cellulose, microcrystalline']",00832-0038-00_RXNAVIMAGE10_BB22DDA6,00832-0038-00_RXNAVIMAGE10_BB22DDA6_left.jpg,horizontal,left
00832-0038-00,863664,Oxybutynin chloride 5 MG Oral Tablet,"Upsher-Smith Laboratories, Inc.",12-02-2009,National Library of Medicine | Lister Hill National Center for Biomedical Communications | Office of High Performance Computing and Communications | Medicos Consultants LLC,True,185646134,00832-0038-00_RXNAVIMAGE10_BB22DDA6.jpg,490886,168868918,00832-0038-00_NLMIMAGE10_BB22DDA6.jpg,353380,ROUND,8,WHITE,832;3;8,DEBOSSED,False,2,['oxybutynin chloride 5 mg'],"['anhydrous lactose', 'calcium stearate', 'cellulose, microcrystalline']",00832-0038-00_RXNAVIMAGE10_BB22DDA6,00832-0038-00_RXNAVIMAGE10_BB22DDA6_right.jpg,horizontal,right
55111-0343-30,200371,Citalopram 20 MG Oral Tablet,Dr.Reddys Laboratories Limited,12-02-2009,National Library of Medicine | Lister Hill National Center for Biomedical Communications | Office of High Performance Computing and Communications | Medicos Consultants LLC,True,185651365,55111-0343-30_RXNAVIMAGE10_4826A465.jpg,568278,168874149,55111-0343-30_NLMIMAGE10_4826A465.jpg,439316,ROUND,8,PINK,RDY;343,DEBOSSED,False,2,['citalopram hydrobromide 20 mg'],"['silicon dioxide', 'copovidone k25-31', 'croscarmellose sodium', 'hypromellose 2910 (5 mpa.s)', 'hypromellose 2910 (6 mpa.s)', 'lactose monohydrate', 'magnesium stearate', 'cellulose, microcrystalline', 'polyethylene glycol 400', 'starch, corn', 'titanium dioxide', 'ferric oxide red']",55111-0343-30_RXNAVIMAGE10_4826A465,55111-0343-30_RXNAVIMAGE10_4826A465_left.jpg,horizontal,left
55111-0343-30,200371,Citalopram 20 MG Oral Tablet,Dr.Reddys Laboratories Limited,12-02-2009,National Library of Medicine | Lister Hill National Center for Biomedical Communications | Office of High Performance Computing and Communications | Medicos Consultants LLC,True,185651365,55111-0343-30_RXNAVIMAGE10_4826A465.jpg,568278,168874149,55111-0343-30_NLMIMAGE10_4826A465.jpg,439316,ROUND,8,PINK,RDY;343,DEBOSSED,False,2,['citalopram hydrobromide 20 mg'],"['silicon dioxide', 'copovidone k25-31', 'croscarmellose sodium', 'hypromellose 2910 (5 mpa.s)', 'hypromellose 2910 (6 mpa.s)', 'lactose monohydrate', 'magnesium stearate', 'cellulose, microcrystalline', 'polyethylene glycol 400', 'starch, corn', 'titanium dioxide', 'ferric oxide red']",55111-0343-30_RXNAVIMAGE10_4826A465,55111-0343-30_RXNAVIMAGE10_4826A465_right.jpg,horizontal,right
00378-3475-01,198034,24 HR Nifedipine 30 MG Extended Release Oral Tablet,Mylan Pharmaceuticals Inc.,12-02-2009,National Library of Medicine | Lister Hill National Center for Biomedical Communications | Office of High Performance Computing and Communications | Medicos Consultants LLC,True,185648021,00378-3475-01_RXNAVIMAGE10_6F243791.jpg,616235,168870805,00378-3475-01_NLMIMAGE10_6F243791.jpg,479207,ROUND,9,PINK,M;475,PRINTED,False,1,['nifedipine 30 mg'],"['cellulose acetate', 'hydroxypropyl cellulose', 'hypromelloses', 'magnesium stearate', 'polyethylene glycols', 'ferric oxide red', 'sodium chloride', 'titanium dioxide']",00378-3475-01_RXNAVIMAGE10_6F243791,00378-3475-01_RXNAVIMAGE10_6F243791_left.jpg,horizontal,left
00378-3475-01,198034,24 HR Nifedipine 30 MG Extended Release Oral Tablet,Mylan Pharmaceuticals Inc.,12-02-2009,National Library of Medicine | Lister Hill National Center for Biomedical Communications | Office of High Performance Computing and Communications | Medicos Consultants LLC,True,185648021,00378-3475-01_RXNAVIMAGE10_6F243791.jpg,616235,168870805,00378-3475-01_NLMIMAGE10_6F243791.jpg,479207,ROUND,9,PINK,M;475,PRINTED,False,1,['nifedipine 30 mg'],"['cellulose acetate', 'hydroxypropyl cellulose', 'hypromelloses', 'magnesium stearate', 'polyethylene glycols', 'ferric oxide red', 'sodium chloride', 'titanium dioxide']",00378-3475-01_RXNAVIMAGE10_6F243791,00378-3475-01_RXNAVIMAGE10_6F243791_right.jpg,horizontal,right
53489-0591-01,828348,Cyclobenzaprine hydrochloride 10 MG Oral Tablet,"Mutual Pharmaceutical Company, Inc.",12-02-2009,National Library of Medicine | Lister Hill National Center for Biomedical Communications | Office of High Performance Computing and Communications | Medicos Consultants LLC,True,185669215,53489-0591-01_RXNAVIMAGE10_3E339F6C.jpg,513863,168891999,53489-0591-01_NLMIMAGE10_3E339F6C.jpg,371932,ROUND,7,WHITE,MP;577,DEBOSSED,False,1,['cyclobenzaprine hydrochloride 10 mg'],"['silicon dioxide', 'starch, corn', 'hypromelloses', 'lactose', 'magnesium stearate', 'cellulose, microcrystalline', 'polyethylene glycols', 'propylene glycol']",53489-0591-01_RXNAVIMAGE10_3E339F6C,53489-0591-01_RXNAVIMAGE10_3E339F6C_left.jpg,horizontal,left
53489-0591-01,828348,Cyclobenzaprine hydrochloride 10 MG Oral Tablet,"Mutual Pharmaceutical Company, Inc.",12-02-2009,National Library of Medicine | Lister Hill National Center for Biomedical Communications | Office of High Performance Computing and Communications | Medicos Consultants LLC,True,185669215,53489-0591-01_RXNAVIMAGE10_3E339F6C.jpg,513863,168891999,53489-0591-01_NLMIMAGE10_3E339F6C.jpg,371932,ROUND,7,WHITE,MP;577,DEBOSSED,False,1,['cyclobenzaprine hydrochloride 10 mg'],"['silicon dioxide', 'starch, corn', 'hypromelloses', 'lactose', 'magnesium stearate', 'cellulose, microcrystalline', 'polyethylene glycols', 'propylene glycol']",53489-0591-01_RXNAVIMAGE10_3E339F6C,53489-0591-01_RXNAVIMAGE10_3E339F6C_right.jpg,horizontal,right
51079-0147-20,856853,Amitriptyline Hydrochloride 75 MG Oral Tablet,Mylan Institutional Inc.,12-02-2009,National Library of Medicine | Lister Hill National Center for Biomedical Communications | Office of High Performance Computing and Communications | Medicos Consultants LLC,True,185668215,51079-0147-20_RXNAVIMAGE10_C732E3E7.jpg,614634,168890999,51079-0147-20_NLMIMAGE10_C732E3E7.jpg,482217,ROUND,11,BLUE,M;37,DEBOSSED,False,1,['amitriptyline hydrochloride 75 mg'],"['silicon dioxide', 'starch, corn', 'hydroxypropyl cellulose (type h)', 'hypromelloses', 'magnesium stearate', 'cellulose, microcrystalline', 'polyethylene glycols', 'sodium lauryl sulfate', 'sodium starch glycolate type a potato', 'titanium dioxide', 'fd&c blue no. 2']",51079-0147-20_RXNAVIMAGE10_C732E3E7,51079-0147-20_RXNAVIMAGE10_C732E3E7_left.jpg,horizontal,left
51079-0147-20,856853,Amitriptyline Hydrochloride 75 MG Oral Tablet,Mylan Institutional Inc.,12-02-2009,National Library of Medicine | Lister Hill National Center for Biomedical Communications | Office of High Performance Computing and Communications | Medicos Consultants LLC,True,185668215,51079-0147-20_RXNAVIMAGE10_C732E3E7.jpg,614634,168890999,51079-0147-20_NLMIMAGE10_C732E3E7.jpg,482217,ROUND,11,BLUE,M;37,DEBOSSED,False,1,['amitriptyline hydrochloride 75 mg'],"['silicon dioxide', 'starch, corn', 'hydroxypropyl cellulose (type h)', 'hypromelloses', 'magnesium stearate', 'cellulose, microcrystalline', 'polyethylene glycols', 'sodium lauryl sulfate', 'sodium starch glycolate type a potato', 'titanium dioxide', 'fd&c blue no. 2']",51079-0147-20_RXNAVIMAGE10_C732E3E7,51079-0147-20_RXNAVIMAGE10_C732E3E7_right.jpg,horizontal,right
00603-4975-28,863664,Oxybutynin chloride 5 MG Oral Tablet,"Qualitest Pharmaceutical, Inc.",05-11-2011,National Library of Medicine | Lister Hill National Center for Biomedical Communications | Office of High Performance Computing and Communications | Medicos Consultants LLC,True,185609696,00603-4975-28_RXNAVIMAGE10_C30861F3.jpg,626025,168832480,00603-4975-28_NLMIMAGE10_C30861F3.jpg,497880,ROUND,8,BLUE,4853;V,DEBOSSED,False,2,['oxybutynin chloride 5 mg'],"['fd&c blue no. 1', 'magnesium stearate', 'cellulose, microcrystalline', 'starch, corn']",00603-4975-28_RXNAVIMAGE10_C30861F3,00603-4975-28_RXNAVIMAGE10_C30861F3_left.jpg,horizontal,left
00603-4975-28,863664,Oxybutynin chloride 5 MG Oral Tablet,"Qualitest Pharmaceutical, Inc.",05-11-2011,National Library of Medicine | Lister Hill National Center for Biomedical Communications | Office of High Performance Computing and Communications | Medicos Consultants LLC,True,185609696,00603-4975-28_RXNAVIMAGE10_C30861F3.jpg,626025,168832480,00603-4975-28_NLMIMAGE10_C30861F3.jpg,497880,ROUND,8,BLUE,4853;V,DEBOSSED,False,2,['oxybutynin chloride 5 mg'],"['fd&c blue no. 1', 'magnesium stearate', 'cellulose, microcrystalline', 'starch, corn']",00603-4975-28_RXNAVIMAGE10_C30861F3,00603-4975-28_RXNAVIMAGE10_C30861F3_right.jpg,horizontal,right
00378-9290-91,859193,selegiline hydrochloride 5 MG Oral Tablet,Mylan Pharmaceuticals Inc.,06-15-2011,National Library of Medicine | Lister Hill National Center for Biomedical Communications | Office of High Performance Computing and Communications | Medicos Consultants LLC,True,185618168,00378-9290-91_RXNAVIMAGE10_240E9224.jpg,490066,168840952,00378-9290-91_NLMIMAGE10_240E9224.jpg,352692,ROUND,7,WHITE,G;SE;5,DEBOSSED,False,1,['selegiline hydrochloride 5 mg'],"['citric acid monohydrate', 'lactose monohydrate', 'starch, corn', 'magnesium stearate', 'povidones', 'talc']",00378-9290-91_RXNAVIMAGE10_240E9224,00378-9290-91_RXNAVIMAGE10_240E9224_left.jpg,horizontal,left
00378-9290-91,859193,selegiline hydrochloride 5 MG Oral Tablet,Mylan Pharmaceuticals Inc.,06-15-2011,National Library of Medicine | Lister Hill National Center for Biomedical Communications | Office of High Performance Computing and Communications | Medicos Consultants LLC,True,185618168,00378-9290-91_RXNAVIMAGE10_240E9224.jpg,490066,168840952,00378-9290-91_NLMIMAGE10_240E9224.jpg,352692,ROUND,7,WHITE,G;SE;5,DEBOSSED,False,1,['selegiline hydrochloride 5 mg'],"['citric acid monohydrate', 'lactose monohydrate', 'starch, corn', 'magnesium stearate', 'povidones', 'talc']",00378-9290-91_RXNAVIMAGE10_240E9224,00378-9290-91_RXNAVIMAGE10_240E9224_right.jpg,horizontal,right
50419-0402-01,748857,{21 (drospirenone 3 MG / Ethinyl Estradiol 0.03 MG Oral Tablet) / 7 (Inert Ingredients 1 MG Oral Tablet) } Pack [Yasmin 28 Day],Bayer HealthCare Pharmaceuticals Inc.,12-13-2011,National Library of Medicine | Lister Hill National Center for Biomedical Communications | Office of High Performance Computing and Communications | Medicos Consultants LLC,True,186681588,50419-0402-01_RXNAVIMAGE10_BB195DEA.jpg,536424,169904372,50419-0402-01_NLMIMAGE10_BB195DEA.jpg,363668,ROUND,6,WHITE,DP,DEBOSSED,True,1,[],"['starch, corn', 'hypromelloses', 'lactose monohydrate', 'magnesium stearate', 'povidone k25', 'talc', 'titanium dioxide']",50419-0402-01_RXNAVIMAGE10_BB195DEA,50419-0402-01_RXNAVIMAGE10_BB195DEA_left.jpg,horizontal,left
50419-0402-01,748857,{21 (drospirenone 3 MG / Ethinyl Estradiol 0.03 MG Oral Tablet) / 7 (Inert Ingredients 1 MG Oral Tablet) } Pack [Yasmin 28 Day],Bayer HealthCare Pharmaceuticals Inc.,12-13-2011,National Library of Medicine | Lister Hill National Center for Biomedical Communications | Office of High Performance Computing and Communications | Medicos Consultants LLC,True,186681588,50419-0402-01_RXNAVIMAGE10_BB195DEA.jpg,536424,169904372,50419-0402-01_NLMIMAGE10_BB195DEA.jpg,363668,ROUND,6,WHITE,DP,DEBOSSED,True,1,[],"['starch, corn', 'hypromelloses', 'lactose monohydrate', 'magnesium stearate', 'povidone k25', 'talc', 'titanium dioxide']",50419-0402-01_RXNAVIMAGE10_BB195DEA,50419-0402-01_RXNAVIMAGE10_BB195DEA_right.jpg,horizontal,right
00037-2250-10,730918,Carisoprodol 250 MG Oral Tablet [Soma],Meda Pharmaceuticals Inc.,05-26-2012,National Library of Medicine | Lister Hill National Center for Biomedical Communications | Office of High Performance Computing and Communications | Medicos Consultants LLC,True,185638533,00037-2250-10_RXNAVIMAGE10_BD1D5EFA.jpg,498313,168861317,00037-2250-10_NLMIMAGE10_BD1D5EFA.jpg,357695,ROUND,10,WHITE,SOMA;250,DEBOSSED,False,1,['carisoprodol 250 mg'],[],00037-2250-10_RXNAVIMAGE10_BD1D5EFA,00037-2250-10_RXNAVIMAGE10_BD1D5EFA_left.jpg,horizontal,left
00037-2250-10,730918,Carisoprodol 250 MG Oral Tablet [Soma],Meda Pharmaceuticals Inc.,05-26-2012,National Library of Medicine | Lister Hill National Center for Biomedical Communications | Office of High Performance Computing and Communications | Medicos Consultants LLC,True,185638533,00037-2250-10_RXNAVIMAGE10_BD1D5EFA.jpg,498313,168861317,00037-2250-10_NLMIMAGE10_BD1D5EFA.jpg,357695,ROUND,10,WHITE,SOMA;250,DEBOSSED,False,1,['carisoprodol 250 mg'],[],00037-2250-10_RXNAVIMAGE10_BD1D5EFA,00037-2250-10_RXNAVIMAGE10_BD1D5EFA_right.jpg,horizontal,right
64764-0918-30,834239,febuxostat 40 MG Oral Tablet [Uloric],"Takeda Pharmaceuticals America, Inc.",06-02-2012,National Library of Medicine | Lister Hill National Center for Biomedical Communications | Office of High Performance Computing and Communications | Medicos Consultants LLC,True,185638856,64764-0918-30_RXNAVIMAGE10_351D9A9C.jpg,674279,168861640,64764-0918-30_NLMIMAGE10_351D9A9C.jpg,546757,ROUND,9,GREEN,TAP;40,DEBOSSED,True,1,['febuxostat 40 mg'],"['lactose monohydrate', 'cellulose, microcrystalline', 'hydroxypropyl cellulose', 'croscarmellose sodium', 'silicon dioxide', 'magnesium stearate']",64764-0918-30_RXNAVIMAGE10_351D9A9C,64764-0918-30_RXNAVIMAGE10_351D9A9C_left.jpg,horizontal,left
64764-0918-30,834239,febuxostat 40 MG Oral Tablet [Uloric],"Takeda Pharmaceuticals America, Inc.",06-02-2012,National Library of Medicine | Lister Hill National Center for Biomedical Communications | Office of High Performance Computing and Communications | Medicos Consultants LLC,True,185638856,64764-0918-30_RXNAVIMAGE10_351D9A9C.jpg,674279,168861640,64764-0918-30_NLMIMAGE10_351D9A9C.jpg,546757,ROUND,9,GREEN,TAP;40,DEBOSSED,True,1,['febuxostat 40 mg'],"['lactose monohydrate', 'cellulose, microcrystalline', 'hydroxypropyl cellulose', 'croscarmellose sodium', 'silicon dioxide', 'magnesium stearate']",64764-0918-30_RXNAVIMAGE10_351D9A9C,64764-0918-30_RXNAVIMAGE10_351D9A9C_right.jpg,horizontal,right
00093-7154-56,312961,Simvastatin 20 MG Oral Tablet,Teva Pharmaceuticals USA Inc,10-09-2012,National Library of Medicine | Lister Hill National Center for Biomedical Communications | Office of High Performance Computing and Communications | Medicos Consultants LLC,True,185653339,00093-7154-56_RXNAVIMAGE10_2C281650.jpg,581258,168876123,00093-7154-56_NLMIMAGE10_2C281650.jpg,452538,ROUND,8,BROWN,7154;TV,DEBOSSED,False,1,['simvastatin 20 mg'],"['ascorbic acid', 'butylated hydroxyanisole', 'citric acid monohydrate', 'hypromellose 2910 (6 mpa.s)', 'ferric oxide red', 'lactose monohydrate', 'magnesium stearate', 'cellulose, microcrystalline', 'polyethylene glycol 3350', 'starch, corn', 'titanium dioxide', 'triacetin', 'ferric oxide yellow']",00093-7154-56_RXNAVIMAGE10_2C281650,00093-7154-56_RXNAVIMAGE10_2C281650_left.jpg,horizontal,left
00093-7154-56,312961,Simvastatin 20 MG Oral Tablet,Teva Pharmaceuticals USA Inc,10-09-2012,National Library of Medicine | Lister Hill National Center for Biomedical Communications | Office of High Performance Computing and Communications | Medicos Consultants LLC,True,185653339,00093-7154-56_RXNAVIMAGE10_2C281650.jpg,581258,168876123,00093-7154-56_NLMIMAGE10_2C281650.jpg,452538,ROUND,8,BROWN,7154;TV,DEBOSSED,False,1,['simvastatin 20 mg'],"['ascorbic acid', 'butylated hydroxyanisole', 'citric acid monohydrate', 'hypromellose 2910 (6 mpa.s)', 'ferric oxide red', 'lactose monohydrate', 'magnesium stearate', 'cellulose, microcrystalline', 'polyethylene glycol 3350', 'starch, corn', 'titanium dioxide', 'triacetin', 'ferric oxide yellow']",00093-7154-56_RXNAVIMAGE10_2C281650,00093-7154-56_RXNAVIMAGE10_2C281650_right.jpg,horizontal,right
51285-0083-70,1359026,{21 (Ethinyl Estradiol 0.03 MG / norethindrone acetate 1.5 MG Oral Tablet) / 7 (Ferrous fumarate 75 MG Oral Tablet) } Pack [Loestrin Fe 1.5/30 28 Day],"Teva Women's Health, Inc.",03-19-2013,National Library of Medicine | Lister Hill National Center for Biomedical Communications | Office of High Performance Computing and Communications | Medicos Consultants LLC,True,186712258,51285-0083-70_RXNAVIMAGE10_322F991C.jpg,742952,169935042,51285-0083-70_NLMIMAGE10_322F991C.jpg,571111,ROUND,6,BROWN,b;247,DEBOSSED,False,1,[],"['ferrous fumarate', 'crospovidone', 'hydrogenated cottonseed oil', 'cellulose, microcrystalline']",51285-0083-70_RXNAVIMAGE10_322F991C,51285-0083-70_RXNAVIMAGE10_322F991C_left.jpg,horizontal,left
51285-0083-70,1359026,{21 (Ethinyl Estradiol 0.03 MG / norethindrone acetate 1.5 MG Oral Tablet) / 7 (Ferrous fumarate 75 MG Oral Tablet) } Pack [Loestrin Fe 1.5/30 28 Day],"Teva Women's Health, Inc.",03-19-2013,National Library of Medicine | Lister Hill National Center for Biomedical Communications | Office of High Performance Computing and Communications | Medicos Consultants LLC,True,186712258,51285-0083-70_RXNAVIMAGE10_322F991C.jpg,742952,169935042,51285-0083-70_NLMIMAGE10_322F991C.jpg,571111,ROUND,6,BROWN,b;247,DEBOSSED,False,1,[],"['ferrous fumarate', 'crospovidone', 'hydrogenated cottonseed oil', 'cellulose, microcrystalline']",51285-0083-70_RXNAVIMAGE10_322F991C,51285-0083-70_RXNAVIMAGE10_322F991C_right.jpg,horizontal,right
47335-0736-88,993503,12 HR Bupropion Hydrochloride 100 MG Extended Release Oral Tablet,Sun Pharma Global FZE,07-02-2014,National Library of Medicine | Lister Hill National Center for Biomedical Communications | Office of High Performance Computing and Communications | Medicos Consultants LLC,False,185679069,47335-0736-88_RXNAVIMAGE10_703AB835.jpg,515924,168901853,47335-0736-88_NLMIMAGE10_703AB835.jpg,368761,ROUND,8,WHITE,736,DEBOSSED,False,1,[],[],47335-0736-88_RXNAVIMAGE10_703AB835,47335-0736-88_RXNAVIMAGE10_703AB835_left.jpg,horizontal,left
47335-0736-88,993503,12 HR Bupropion Hydrochloride 100 MG Extended Release Oral Tablet,Sun Pharma Global FZE,07-02-2014,National Library of Medicine | Lister Hill National Center for Biomedical Communications | Office of High Performance Computing and Communications | Medicos Consultants LLC,False,185679069,47335-0736-88_RXNAVIMAGE10_703AB835.jpg,515924,168901853,47335-0736-88_NLMIMAGE10_703AB835.jpg,368761,ROUND,8,WHITE,736,DEBOSSED,False,1,[],[],47335-0736-88_RXNAVIMAGE10_703AB835,47335-0736-88_RXNAVIMAGE10_703AB835_right.jpg,horizontal,right
68382-0113-05,312829,Risperidone 0.5 MG Oral Tablet,Zydus Pharmaceuticals (USA) Inc.,11-03-2014,National Library of Medicine | Lister Hill National Center for Biomedical Communications | Office of High Performance Computing and Communications | Medicos Consultants LLC,False,185682492,68382-0113-05_RXNAVIMAGE10_553D2AD9.jpg,500048,168905276,68382-0113-05_NLMIMAGE10_553D2AD9.jpg,375355,ROUND,4,RED,Z;6,DEBOSSED,False,1,[],[],68382-0113-05_RXNAVIMAGE10_553D2AD9,68382-0113-05_RXNAVIMAGE10_553D2AD9_left.jpg,horizontal,left
68382-0113-05,312829,Risperidone 0.5 MG Oral Tablet,Zydus Pharmaceuticals (USA) Inc.,11-03-2014,National Library of Medicine | Lister Hill National Center for Biomedical Communications | Office of High Performance Computing and Communications | Medicos Consultants LLC,False,185682492,68382-0113-05_RXNAVIMAGE10_553D2AD9.jpg,500048,168905276,68382-0113-05_NLMIMAGE10_553D2AD9.jpg,375355,ROUND,4,RED,Z;6,DEBOSSED,False,1,[],[],68382-0113-05_RXNAVIMAGE10_553D2AD9,68382-0113-05_RXNAVIMAGE10_553D2AD9_right.jpg,horizontal,right
51285-0120-58,762002,{21 (Desogestrel 0.15 MG / Ethinyl Estradiol 0.02 MG Oral Tablet) / 5 (Ethinyl Estradiol 0.01 MG Oral Tablet) / 2 (Inert Ingredients 1 MG Oral Tablet) } Pack [Mircette 28 Day],"Teva Women's Health, Inc.",06-10-2015,National Library of Medicine | Lister Hill National Center for Biomedical Communications | Office of High Performance Computing and Communications | Medicos Consultants LLC,False,186740204,51285-0120-58_RXNAVIMAGE10_6843B45D.jpg,577196,169962988,51285-0120-58_NLMIMAGE10_6843B45D.jpg,386321,ROUND,6,GREEN,dp;331,DEBOSSED,False,1,[],[],51285-0120-58_RXNAVIMAGE10_6843B45D,51285-0120-58_RXNAVIMAGE10_6843B45D_left.jpg,horizontal,left
51285-0120-58,762002,{21 (Desogestrel 0.15 MG / Ethinyl Estradiol 0.02 MG Oral Tablet) / 5 (Ethinyl Estradiol 0.01 MG Oral Tablet) / 2 (Inert Ingredients 1 MG Oral Tablet) } Pack [Mircette 28 Day],"Teva Women's Health, Inc.",06-10-2015,National Library of Medicine | Lister Hill National Center for Biomedical Communications | Office of High Performance Computing and Communications | Medicos Consultants LLC,False,186740204,51285-0120-58_RXNAVIMAGE10_6843B45D.jpg,577196,169962988,51285-0120-58_NLMIMAGE10_6843B45D.jpg,386321,ROUND,6,GREEN,dp;331,DEBOSSED,False,1,[],[],51285-0120-58_RXNAVIMAGE10_6843B45D,51285-0120-58_RXNAVIMAGE10_6843B45D_right.jpg,horizontal,right
51285-0125-70,1358770,{21 (Ethinyl Estradiol 0.02 MG / norethindrone acetate 1 MG Oral Tablet) / 7 (Ferrous fumarate 75 MG Oral Tablet) } Pack [Loestrin Fe 1/20 28 Day],"Teva Women's Health, Inc.",06-10-2015,National Library of Medicine | Lister Hill National Center for Biomedical Communications | Office of High Performance Computing and Communications | Medicos Consultants LLC,False,185690524,51285-0125-70_RXNAVIMAGE10_D342E9A7.jpg,599991,168913308,51285-0125-70_NLMIMAGE10_D342E9A7.jpg,425302,ROUND,5,YELLOW,b;977,DEBOSSED,False,1,[],[],51285-0125-70_RXNAVIMAGE10_D342E9A7,51285-0125-70_RXNAVIMAGE10_D342E9A7_left.jpg,horizontal,left
51285-0125-70,1358770,{21 (Ethinyl Estradiol 0.02 MG / norethindrone acetate 1 MG Oral Tablet) / 7 (Ferrous fumarate 75 MG Oral Tablet) } Pack [Loestrin Fe 1/20 28 Day],"Teva Women's Health, Inc.",06-10-2015,National Library of Medicine | Lister Hill National Center for Biomedical Communications | Office of High Performance Computing and Communications | Medicos Consultants LLC,False,185690524,51285-0125-70_RXNAVIMAGE10_D342E9A7.jpg,599991,168913308,51285-0125-70_NLMIMAGE10_D342E9A7.jpg,425302,ROUND,5,YELLOW,b;977,DEBOSSED,False,1,[],[],51285-0125-70_RXNAVIMAGE10_D342E9A7,51285-0125-70_RXNAVIMAGE10_D342E9A7_right.jpg,horizontal,right
00603-0026-32,308416,Aspirin 81 MG Delayed Release Oral Tablet,"Qualitest Pharmaceutical, Inc.",09-29-2015,National Library of Medicine | Lister Hill National Center for Biomedical Communications | Office of High Performance Computing and Communications | Medicos Consultants LLC,False,185696315,00603-0026-32_RXNAVIMAGE10_2F4717B8.jpg,521590,168919099,00603-0026-32_NLMIMAGE10_2F4717B8.jpg,388993,ROUND,7,YELLOW,A,EMBOSSED,False,1,[],[],00603-0026-32_RXNAVIMAGE10_2F4717B8,00603-0026-32_RXNAVIMAGE10_2F4717B8_left.jpg,horizontal,left
00603-0026-32,308416,Aspirin 81 MG Delayed Release Oral Tablet,"Qualitest Pharmaceutical, Inc.",09-29-2015,National Library of Medicine | Lister Hill National Center for Biomedical Communications | Office of High Performance Computing and Communications | Medicos Consultants LLC,False,185696315,00603-0026-32_RXNAVIMAGE10_2F4717B8.jpg,521590,168919099,00603-0026-32_NLMIMAGE10_2F4717B8.jpg,388993,ROUND,7,YELLOW,A,EMBOSSED,False,1,[],[],00603-0026-32_RXNAVIMAGE10_2F4717B8,00603-0026-32_RXNAVIMAGE10_2F4717B8_right.jpg,horizontal,right
00603-3180-21,197738,Glycopyrrolate 1 MG Oral Tablet,"Qualitest Pharmaceutical, Inc.",12-10-2015,National Library of Medicine | Lister Hill National Center for Biomedical Communications | Office of High Performance Computing and Communications | Medicos Consultants LLC,False,185699403,00603-3180-21_RXNAVIMAGE10_A34951EA.jpg,465180,168922187,00603-3180-21_NLMIMAGE10_A34951EA.jpg,330763,ROUND,7,WHITE,31;80;V,DEBOSSED,False,2,[],[],00603-3180-21_RXNAVIMAGE10_A34951EA,00603-3180-21_RXNAVIMAGE10_A34951EA_left.jpg,horizontal,left
00603-3180-21,197738,Glycopyrrolate 1 MG Oral Tablet,"Qualitest Pharmaceutical, Inc.",12-10-2015,National Library of Medicine | Lister Hill National Center for Biomedical Communications | Office of High Performance Computing and Communications | Medicos Consultants LLC,False,185699403,00603-3180-21_RXNAVIMAGE10_A34951EA.jpg,465180,168922187,00603-3180-21_NLMIMAGE10_A34951EA.jpg,330763,ROUND,7,WHITE,31;80;V,DEBOSSED,False,2,[],[],00603-3180-21_RXNAVIMAGE10_A34951EA,00603-3180-21_RXNAVIMAGE10_A34951EA_right.jpg,horizontal,right
00378-0334-01,314035,Haloperidol 10 MG Oral Tablet,Mylan Pharmaceuticals Inc.,12-10-2015,National Library of Medicine | Lister Hill National Center for Biomedical Communications | Office of High Performance Computing and Communications | Medicos Consultants LLC,False,185699476,00378-0334-01_RXNAVIMAGE10_BE495F6A.jpg,620626,168922260,00378-0334-01_NLMIMAGE10_BE495F6A.jpg,488472,ROUND,9,GREEN,MYLAN;334,DEBOSSED,False,2,[],[],00378-0334-01_RXNAVIMAGE10_BE495F6A,00378-0334-01_RXNAVIMAGE10_BE495F6A_left.jpg,horizontal,left
00378-0334-01,314035,Haloperidol 10 MG Oral Tablet,Mylan Pharmaceuticals Inc.,12-10-2015,National Library of Medicine | Lister Hill National Center for Biomedical Communications | Office of High Performance Computing and Communications | Medicos Consultants LLC,False,185699476,00378-0334-01_RXNAVIMAGE10_BE495F6A.jpg,620626,168922260,00378-0334-01_NLMIMAGE10_BE495F6A.jpg,488472,ROUND,9,GREEN,MYLAN;334,DEBOSSED,False,2,[],[],00378-0334-01_RXNAVIMAGE10_BE495F6A,00378-0334-01_RXNAVIMAGE10_BE495F6A_right.jpg,horizontal,right
52544-0953-28,753536,{21 (Ethinyl Estradiol 0.035 MG / Norethindrone 0.4 MG Oral Tablet) / 7 (Inert Ingredients 1 MG Oral Tablet) } Pack [Zenchent 28 Day],"Watson Pharma, Inc.",03-18-2016,National Library of Medicine | Lister Hill National Center for Biomedical Communications | Office of High Performance Computing and Communications | Medicos Consultants LLC,False,185704562,52544-0953-28_RXNAVIMAGE10_294D14B8.jpg,611734,168927346,52544-0953-28_NLMIMAGE10_294D14B8.jpg,437934,ROUND,6,ORANGE,WATSON;953,DEBOSSED,False,1,[],[],52544-0953-28_RXNAVIMAGE10_294D14B8,52544-0953-28_RXNAVIMAGE10_294D14B8_left.jpg,horizontal,left
52544-0953-28,753536,{21 (Ethinyl Estradiol 0.035 MG / Norethindrone 0.4 MG Oral Tablet) / 7 (Inert Ingredients 1 MG Oral Tablet) } Pack [Zenchent 28 Day],"Watson Pharma, Inc.",03-18-2016,National Library of Medicine | Lister Hill National Center for Biomedical Communications | Office of High Performance Computing and Communications | Medicos Consultants LLC,False,185704562,52544-0953-28_RXNAVIMAGE10_294D14B8.jpg,611734,168927346,52544-0953-28_NLMIMAGE10_294D14B8.jpg,437934,ROUND,6,ORANGE,WATSON;953,DEBOSSED,False,1,[],[],52544-0953-28_RXNAVIMAGE10_294D14B8,52544-0953-28_RXNAVIMAGE10_294D14B8_right.jpg,horizontal,right
57664-0502-89,313412,tizanidine 2 MG Oral Tablet,"Caraco Pharmaceutical Laboratories, Ltd.",08-22-2016,National Library of Medicine | Lister Hill National Center for Biomedical Communications | Office of High Performance Computing and Communications | Medicos Consultants LLC,False,185708920,57664-0502-89_RXNAVIMAGE10_70503861.jpg,476939,168931704,57664-0502-89_NLMIMAGE10_70503861.jpg,346552,ROUND,7,WHITE,502,DEBOSSED,False,2,[],[],57664-0502-89_RXNAVIMAGE10_70503861,57664-0502-89_RXNAVIMAGE10_70503861_left.jpg,horizontal,left
57664-0502-89,313412,tizanidine 2 MG Oral Tablet,"Caraco Pharmaceutical Laboratories, Ltd.",08-22-2016,National Library of Medicine | Lister Hill National Center for Biomedical Communications | Office of High Performance Computing and Communications | Medicos Consultants LLC,False,185708920,57664-0502-89_RXNAVIMAGE10_70503861.jpg,476939,168931704,57664-0502-89_NLMIMAGE10_70503861.jpg,346552,ROUND,7,WHITE,502,DEBOSSED,False,2,[],[],57664-0502-89_RXNAVIMAGE10_70503861,57664-0502-89_RXNAVIMAGE10_70503861_right.jpg,horizontal,right
00093-7424-56,311759,montelukast 4 MG Chewable Tablet,Teva Pharmaceuticals USA Inc,10-16-2012,National Library of Medicine | Lister Hill National Center for Biomedical Communications | Office of High Performance Computing and Communications | Medicos Consultants LLC,True,185653260,00093-7424-56_RXNAVIMAGE10_0F280780.jpg,639197,168876044,00093-7424-56_NLMIMAGE10_0F280780.jpg,516418,TRIANGLE,8,PINK,TV;7424,DEBOSSED,False,1,['montelukast sodium 4 mg'],"['aspartame', 'maltodextrin', 'starch, corn', 'ferric oxide red', 'hydroxypropyl cellulose (type h)', 'magnesium stearate', 'mannitol', 'sodium lauryl sulfate', 'sodium starch glycolate type a potato']",00093-7424-56_RXNAVIMAGE10_0F280780,00093-7424-56_RXNAVIMAGE10_0F280780_left.jpg,horizontal,left
00093-7424-56,311759,montelukast 4 MG Chewable Tablet,Teva Pharmaceuticals USA Inc,10-16-2012,National Library of Medicine | Lister Hill National Center for Biomedical Communications | Office of High Performance Computing and Communications | Medicos Consultants LLC,True,185653260,00093-7424-56_RXNAVIMAGE10_0F280780.jpg,639197,168876044,00093-7424-56_NLMIMAGE10_0F280780.jpg,516418,TRIANGLE,8,PINK,TV;7424,DEBOSSED,False,1,['montelukast sodium 4 mg'],"['aspartame', 'maltodextrin', 'starch, corn', 'ferric oxide red', 'hydroxypropyl cellulose (type h)', 'magnesium stearate', 'mannitol', 'sodium lauryl sulfate', 'sodium starch glycolate type a potato']",00093-7424-56_RXNAVIMAGE10_0F280780,00093-7424-56_RXNAVIMAGE10_0F280780_right.jpg,horizontal,right
00955-1737-30,205285,leflunomide 20 MG Oral Tablet,Winthrop U.S.,08-22-2016,National Library of Medicine | Lister Hill National Center for Biomedical Communications | Office of High Performance Computing and Communications | Medicos Consultants LLC,False,185710607,00955-1737-30_RXNAVIMAGE10_DB516DCB.jpg,503993,168933391,00955-1737-30_NLMIMAGE10_DB516DCB.jpg,372492,TRIANGLE,7,YELLOW,ZBO,DEBOSSED,False,1,[],[],00955-1737-30_RXNAVIMAGE10_DB516DCB,00955-1737-30_RXNAVIMAGE10_DB516DCB_left.jpg,horizontal,left
00955-1737-30,205285,leflunomide 20 MG Oral Tablet,Winthrop U.S.,08-22-2016,National Library of Medicine | Lister Hill National Center for Biomedical Communications | Office of High Performance Computing and Communications | Medicos Consultants LLC,False,185710607,00955-1737-30_RXNAVIMAGE10_DB516DCB.jpg,503993,168933391,00955-1737-30_NLMIMAGE10_DB516DCB.jpg,372492,TRIANGLE,7,YELLOW,ZBO,DEBOSSED,False,1,[],[],00955-1737-30_RXNAVIMAGE10_DB516DCB,00955-1737-30_RXNAVIMAGE10_DB516DCB_right.jpg,horizontal,right
